ss;;ss;Mrs;21;stivenlille1@gmail.com;2612617672;2024-03-09;"shajksh sa saas"
ss;;ss;Mrs;21;stivenlille1@gmail.com;2612617672;2024-03-09;"shajksh sa saas"
Hello;;Hi;Miss;21;rait.lillemae@gmail.com;222212112;2024-03-14;hello
Hello;;Hi;Miss;21;rait.lillemae@gmail.com;222212112;2024-03-14;hello
skalska;;akjsak;Miss;21;stivenlille1@gmail.com;22212121;2024-03-21;"&lt;script&gt;Hello nii&lt;/script&gt;"
Hello;;LOL;Mr;22;saskh@asas.ciom;212121212;2024-03-28;skahsjahsja
Hello;;LOL;Mr;22;saskh@asas.ciom;212121212;2024-03-28;skahsjahsja
sasjka;;sjkajsa;Mrs;21;ss@mail.com;sjksajkasjk;2024-03-15;
@@@;;@@@;Mr;22;sasjhasj@mail.com;287asjas1;2024-03-22;skjasj
skjas;;skjahs;Ms;21;ss@ma.com;skajskjask;2024-03-14;jwias
JHSAS;sjaks;aksjkasASaaa;Ms;22;ss@mail.com;;2024-03-15;
ÖÖÖSS;ssaas;sasa;Mr;22;ssasa@masico.oc;;2024-03-16;
ss;;sss;Ms;22;ss@ma.il.comsssssaaasas;222222222;2024-03-14;
Hello;;Hello;;22;stiven@mail.com;5312121;2024-03-15;
sss;;sss;;22;ss.mm.222@mail.com;;2024-03-28;
sss;;sss;;22;ss.mm.222@mail.com;;2024-03-28;
sss;;sss;;22;ss.mm.222@mail.com;;2024-03-28;
sss;;sss;;22;ss.mm.222@mail.com;;2024-03-28;
Hello;;MY;;22;stiven@mail.com;;2024-03-29;
Stiven;;Lille;;21;stlill@taltech.ee;+3725555555;2024-03-29;"I will arrive."
Stiven;@lol;Lille;Mr;21;stlill@taltech.ee;;2024-03-08;"This is a test."
ss;;ss;;22;slil@mail.com;sjlahskajs;2024-04-05;
ss;;ss;;22;slil@mail.com;sjlahskajs;2024-04-05;
ss;;ss;;22;slil@mail.com;sjlahskajs;2024-04-05;
ss;;ss;;22;slil@mail.com;sjlahskajs;2024-04-05;
ss;;ss;;22;slil@mail.com;sjlahskajs;2024-04-05;
ss;;ll;Mr;22;s@mai.com;22871271827;2024-03-22;
ss;;ll;Mr;22;s@mai.com;22871271827;2024-03-22;
ss;;ll;;22;ss@m.com;asjkhasjasj;2024-03-29;
ss;;ll;Ms;22;s@m.com;+3725555555;2024-03-14;
ss;;ll;Ms;22;s@m.com;+3725555555;2024-03-14;
ss;;ll;Ms;22;s@m.com;+3725555555;2024-03-14;
ss;;ll;;22;s@mail.com;;2024-03-21;
ss;;ll;;22;ss@mail.com;;2023-02-03;
aa;;sasa;mrs;22;ss@mail.com;;2023-22-22;
ss;;ll;;21;ss@mm.com;;2023-12-31;
ss;;ll;mrs;22;ss@m.com;;2023-02-28;
ss;;ll;mr;22;ss@m.com;;2024-03-15;
ss;;ll;mr;22;st@mail.com;;2024-03-28;
ss;;ll;mr;22;st@mail.com;;2024-03-28;
hello’;;hello’;;22;s@mail.com;;2024-04-05;
ss;;ll;;22;ss@mail.com;;2024-03-22;
ss';;ss;;22;s@mail.com;;2024-03-22;
ss';;ss;;22;s@mail.com;;2024-03-22;
Hello;m;ss'ä;mr;22;ss@mail.ee;21222222222;2024-03-28;skajskajjk
Hello;m;ss'ä;mr;22;ss@mail.ee;21222222222;2024-03-28;skajskajjk
Hello;m;ss'ä;mr;22;ss@mail.ee;21222222222;2024-03-28;skajskajjk
Hello;m;ss'ä;mr;22;ss@mail.ee;21222222222;2024-03-28;skajskajjk
Hello;m;ss'ä;mr;22;ss@mail.ee;21222222222;2024-03-28;skajskajjk
Hello;m;ss'ä;mr;22;ss@mail.ee;21222222222;2024-03-28;skajskajjk
Hello;m;ss'ä;mr;22;ss@mail.ee;21222222222;2024-03-28;skajskajjk
Hello;m;ss'ä;mr;22;ss@mail.ee;21222222222;2024-03-28;skajskajjk
ss;;ll;;22;xss@mail.com;;2024-03-29;
ss;;ll;mr;22;ss@mail.com;;2024-03-21;
ss;;ll;;22;ss@m.com;;2024-03-20;
ss;;ll;ms;22;ss@m.com;;2024-03-28;healso
hh;;ll;;22;ss@m.com;;2024-03-15;sjaks
hh;;ll;;22;ss@m.com;;2024-03-15;sjaks
ss;;ll;mr;22;ss@ma.com;;2024-03-28;sasa
ss;;ll;mrs;22;ss@mail.com;;2024-03-29;sasas
ss;;ll;mrs;22;ss@mail.com;;2024-03-29;sasas
ss;;ll;;22;ss@m.com;;2024-03-15;samjs
ss;;ll;;22;ss@m.com;;2024-03-15;samjs
ss;;lll;;22;ss@m.com;;2024-04-05;
ss;;lll;;22;ss@m.com;;2024-03-21;sakmjs
ss;sas;ll;mrs;22;ss@m.com;29121120920;2024-03-29;
ss;;ll;;22;ss@m.com;;2024-03-28;
ss;;ll;ms;22;ss@m.com;;2024-03-30;
sjks';;"sahjs sss";;22;ss@m.com;;2024-03-28;
ss-sssjk;;shajs;;22;ss@m.com;;2024-04-05;
ss;;s;ms;22;xx@m.com;;2024-03-30;ss
ssl;;lll;;22;ss@m.com;;2024-03-21;
ss;;lll;;22;xx@m.com;;2024-03-22;
ssl;;lll;;22;ss@gm.com;;2024-03-21;
ss;;ll;;22;ss@gm.com;;2024-03-29;
ss;;ll;;22;ss@m.com;;2024-03-20;
ss;;ll;;22;ss@m.com;;2024-03-28;
ss;;ll;;22;ss@m.com;;2024-03-15;
ss;;ll;;22;ss@m.com;;2024-03-21;
ss;;ll;;22;ss@m.com;;2024-03-21;
ss;;ll;;22;ss@m.com;;2024-03-21;
ss;;ll;;22;ss@m.com;;2024-03-21;
ss;;ll;;22;ss@m.com;;2024-03-21;
ss;;ll;;22;ss@m.com;;2024-03-21;
ss;;ll;;22;ss@m.com;;2024-03-21;
ss;;ll;;22;ss@m.com;;2024-03-21;
ss;;ll;;22;ss@m.com;;2024-03-21;
ss;;ll;;22;ss@m.com;;2024-03-21;
ss;;ll;;22;ss@mm.com;;2024-03-15;
ss;;ll;;22;ss@mail.com;;2024-03-22;
ss;;ll;;22;ss@mail.com;;2024-03-21;
ss;;ll;;22;ss@mail.comsa;;2024-03-21;
ss;;ll;;22;my.name.is@mail.com;;2024-03-15;
ss;;ll;;22;mail@mail.site.com;;2024-03-15;
ss;;ll;;22;name.name2@mail.com;;2024-03-22;
ss;;ll;;22;name-name2@mail.com;;2024-03-29;
ss;;ll;;22;name_name2@mail.com;;2024-03-28;
ss;;klk;;22;ss@mail.accountant;;2024-03-29;
